name,uuid,kind
Julia Torres,GSBOOA65B1N,QJ
Edward Patton,GSB7FH8OG56,QJ
Frank Williams,GSBWQ8JD6N6,QJ
Mr. James Williams IV,GSBQ3G1BEPR,S
Timothy Smith,GSBCSBRI9C4,S
Kent Yoder,GSB27D7AS9Y,S
Tammy Wood,GSBEF2DXF2N,S
Amy Johnson,GSBVP83JGSF,S
Daniel Barnes,GSBBBU52AZ6,S
Brady Gordon,GSBBSTQ7BD5,QJ
Thomas Hogan,GSBDVXGSIJB,S
Kimberly Luna,GSBUSW3TGXG,QJ
Melissa Jones,GSB3ILE1O7W,QJ
Suzanne Perez,GSBHKS57GK8,S
Morgan Daniel,GSBJ3G8ABTI,S
Christine King,GSBWAGFPJWQ,S
Renee Young,GSBHKRPTNIC,S
Michael Jimenez,GSB3CIVL9ZC,QJ
Stephanie Gonzales,GSBBOHYH4IA,S
Brenda Daugherty,GSBN67OOQH5,QJ
Brian Williams,GSBQU1POKQW,QJ
Christina Campbell,GSBSJNGGVRI,QJ
Kristy Lawson,GSBAFDONKPT,S
John Martinez,GSBV1I5C1E3,QJ
Carrie Perry,GSBUEX94EV2,S
Alisha Brown,GSBVULM1XZW,S
Sara Kelly,GSBMHVE9HA5,S
Larry Roberts,GSBORUVE3AQ,QJ
Tony Hernandez,GSB21ZAE7PK,QJ
Janet Todd,GSBYUVA1T5M,S
Brian Anderson,GSBDSYNGIGR,S
Karen Harding,GSBEG5OUMXT,S
Matthew Hernandez,GSBXX5H7ZV6,S
Pamela Phillips,GSB52DQGZMC,S
Amy Hall,GSBZ8DFWRGB,QJ
Amanda Clarke,GSBGWNSZL8D,S
Nathan Luna,GSBO34IV1Q6,QJ
Charles Moore,GSBO3KGGU9E,S
James Schultz,GSBHF9Q1G6Y,S
Danny Dawson,GSBSZ3EO6OI,QJ
Brenda Conner,GSB9JLJPCNC,S
Allison Scott,GSBNHH8LI2V,S
Jimmy Guzman,GSB4QS5AVT5,S
William Anderson,GSBD5W74L4V,S
William Marshall,GSBRW9T5DVU,S
Victoria Huerta,GSBSNVP3Y7K,QJ
Thomas Roberts,GSB8AQH9UJY,S
Paul Keith,GSBIUD2EV9K,S
Cole Lowe,GSBWY969GXP,S
Christopher Mullins,GSBO8O4KQ4M,S
Latasha Blankenship,GSB4O5K5SF8,QJ
Paul Cantu,GSBANOK7PYU,S
Victoria Bowman,GSBCC8JWOE1,QJ
Mr. Jose Steele MD,GSBVNH98WBT,S
Susan Hudson MD,GSBLJC5MZN2,QJ
Paula Shannon,GSBGL24WP6I,S
Kathy Moreno,GSBX9V8A9EV,QJ
Patricia Cooper,GSBGUFE597W,S
Jennifer Lee,GSB34EOGAUV,QJ
Pamela Estrada,GSBZWXA5BLK,QJ
Mark Morgan,GSBWNVX1V8H,QJ
Terry Hill,GSBAGFPEOL3,S
Megan Gallegos,GSBZDYHOSSK,S
Douglas Tate,GSBQOZQFMDP,QJ
William Shepherd,GSBI8MY2GML,QJ
Julie Liu,GSBACCDFGAZ,S
Catherine Clark,GSBYOJJXI5D,S
Ruben Wright,GSBCKLZOEQT,QJ
Thomas Cruz,GSBV2W8AROT,S
Cassandra Wolfe,GSBGAMX4G97,S
Robert Schmidt,GSBIWJN5YH4,QJ
Marcus Goodman,GSB1ZE5S25Q,S
Charles Bates,GSBHHA3UCQF,S
Caleb Barnes,GSBBAWSOW74,S
Michael Smith,GSBCXV4U1J1,QJ
Jennifer Herman,GSBE1N7XTUX,S
Rachel Montgomery,GSBONJT8D7N,S
Sarah Dyer,GSB5SVYHOG2,S
Wayne Guzman,GSBDXG8GKUP,QJ
Anthony Beck,GSBL7KNL6AF,S
Kyle Douglas,GSBN6KOQJLU,QJ
Daniel Jones,GSBU8MHHEIB,QJ
Kimberly Garcia,GSBTF8KTPGZ,S
Jason Schwartz Jr.,GSBGHZSD354,QJ
Veronica Thompson,GSBY28GLDQ1,QJ
Tara Edwards,GSBB8M8MJ89,QJ
Alec Irwin,GSBCAVEXXPB,S
Jeffrey Edwards,GSB8A6E7SPC,S
Jeremy Diaz,GSB7CLZ4BAO,S
Nicole Russell,GSBDV89EYBH,QJ
Shawn Bush,GSBJKYWBJVR,QJ
Scott Hutchinson,GSB89PY41M9,S
Tiffany Moody,GSBI8U5HPWF,S
Richard Rivera,GSBIWLG8FSD,S
Jessica Taylor,GSBMXK28QOZ,S
Donald Obrien,GSBHMOLD3XO,S
Anthony Nelson Jr.,GSBJ6IKDXKT,S
Dr. Grace Lee,GSBBJSWERMP,QJ
David Holland,GSB2YI1UYUF,QJ
Jennifer Smith,GSB5GPOOJCA,S
Jessica Walls,GSBJY5TUL2G,QJ
Daniel Flores,GSB6BFSQCY7,QJ
Andrea Hernandez,GSB4WZTQPY8,QJ
Adrian Tran,GSB69QMK4Q3,S
Wendy Johnson,GSBJY57NLVZ,QJ
Amanda Ray,GSBPCRX8UG4,S
Samantha Weber,GSBVZUDYDYC,S
Andrew Wiley,GSBJLY5BDDD,S
Victor Price,GSBHP8NP89J,S
Jeremy Hines,GSBY1OWBFBO,QJ
Kristina Williamson,GSBRBMD63IF,QJ
Jonathan Roberts,GSBW18SX96L,S
Sierra Sanford,GSBZ84SVOIT,QJ
Steven Garcia,GSBOA87HMZN,S
Diane Hughes,GSBBYHPGOE4,S
Kristina Beard,GSBECKQNN12,S
Jeffrey Skinner,GSBSIHXXYSY,S
Erin Scott,GSB1WYXJNO6,S
Veronica Madden,GSBW6EMZ16R,QJ
Megan Holloway,GSB1YBP9R9V,QJ
Stefanie Pacheco,GSBA93MK9GN,QJ
Mark Scott,GSB7Y2FR774,S
Krista Cain,GSBT13P8PPD,QJ
Stephanie Hester,GSBGO1LYIR7,QJ
Monique Cantu,GSBRBGCZSR4,S
Christopher Hobbs,GSBF917SY9F,S
Bryan Nelson,GSB3YYJJM66,S
Jose Stevenson,GSBQMAZ6FSM,QJ
David Ramirez,GSB4VNBDDXY,S
Gregory Estrada,GSBATRHHJ2I,QJ
Kristie Page,GSBA1O73CXE,QJ
Travis Rhodes,GSBKFKOVWKE,QJ
Gina Small,GSBU4LWCE5I,S
Daniel Morris,GSB8QJ2XLN4,S
Mr. Patrick Mcpherson PhD,GSBIEF3FTH8,QJ
Daniel Myers,GSBD7SS8ZXB,S
Christopher Jones,GSB2FMFUTI3,S
Melissa Walker,GSBBJ4VXOP2,QJ
Ann Mitchell DDS,GSBCZZHUK1Z,QJ
Laura Martin,GSBBF6P2CT7,QJ
Danielle Edwards,GSBGJYPK1DJ,S
Morgan Clark,GSBQIQ9O2EW,QJ
Stephanie Davenport,GSBTX81HJSF,S
Matthew Smith,GSBYUCVS8QJ,S
Donna Walters,GSBBCNYJSRF,S
Nicole Meadows,GSBV1WUWLZO,QJ
Stephen Barrera,GSBRD4Z8B8E,QJ
Richard Wheeler,GSBCXCDRNDI,S
Andrea Green,GSB4OMWPGXX,S
Jennifer Simon,GSB2BN6F9IH,QJ
Karen Jones,GSBX1IQTU5J,S
Derrick Ramsey,GSBHFKLC9QJ,S
Sharon Ramirez,GSBQ71CTVKZ,S
Daniel Sims,GSBU3T1ASRR,S
Ashley Underwood,GSBGADU46QJ,QJ
Stephen Peterson,GSBLPIUP8P3,S
Elizabeth Johnson,GSBRN2PITJP,S
Sabrina Ramirez,GSB31XUJU1Z,QJ
Madeline Glenn,GSBZ2TQOPHY,QJ
Mr. Robert Moore,GSB4U6IU2DO,S
Karen Reed,GSBSFDG9VM6,QJ
Sarah Nguyen,GSBYMIR3PUC,S
Brianna Turner,GSBC2DMEGZT,S
Eric Harris,GSB2L35F4LA,S
Brittany Parker,GSBMK4CHJ66,QJ
Dennis Mcintosh,GSBTVVK11PY,S
Tammy Bradley,GSBM3HKWM6X,QJ
Gloria Rose,GSBMPW5QN9P,QJ
Jennifer Martin,GSBZKIC74S1,QJ
John Yoder,GSBMJN5ZFY2,S
Christine Willis,GSB1QVW2BGW,S
Steven Morgan,GSB43AMYCXV,S
Gregory Chapman,GSBY8YOMB1C,QJ
Roger Reyes,GSB5KQ93S8U,S
Brandon Mejia,GSBOTVRRLFC,QJ
Jennifer Soto,GSBSTG5MWPH,S
Megan Butler,GSBOCVIR28W,S
Alisha Burns,GSB3C5OU73C,QJ
Mark Diaz,GSB81FDMO79,QJ
Deborah Murphy,GSBBXUKPOOJ,QJ
Michelle Salazar,GSBGLLF24UC,S
Benjamin Fischer,GSBUTUD2456,S
Willie Berger,GSBUPD2D2DW,QJ
Sheryl Peters,GSBB6CADF22,S
Alicia Newton,GSBALB3VTTG,S
Vincent Nash,GSB4E1M8YBE,S
William Anderson,GSBWDZGAFUZ,S
Lisa Hall,GSBNSTMSKCE,S
Raymond Davis,GSB7JLDUO3M,S
Karen Mason,GSBQ9O5FDIM,QJ
Douglas Alexander,GSBRDZWTHCG,QJ
Erin Green,GSBZNU78HOB,S
Jared Smith,GSBHK43XA4G,S
Danielle Clark,GSBPAB2G8PL,S
Scott Rowland,GSBHEU7NDY6,S
Luke Knapp,GSB8MU5WHFG,S
Mike Elliott Jr.,GSBYQE4TD7R,S
Michael Waters,GSBKMPD8B9Z,S
Stephen Berry,GSBM8QWXDLC,S
Michele Harding,GSBZP41RKT5,S
Karen Mclaughlin,GSBASBIJDBX,S
Kyle Graham,GSBXJZL6RO2,QJ
Stephanie Howard,GSB4YO6UXZG,S
Kyle Harris,GSBA1MWVYXS,S
Rebecca Butler,GSBNCDIN5NW,S
Christopher Patel,GSB12OX5F4Z,QJ
Katherine Evans,GSB62GRDW2M,S
Sarah Brandt,GSBADME7COY,S
Cathy Smith,GSBWDFVB681,S
Angela Salazar,GSBAB2Q77X6,QJ
Vanessa Burke,GSBQSZT2KF4,QJ
Christina Mills,GSBV4UTGBO7,QJ
Laura Cooper,GSB96A7ILPJ,S
Matthew Jenkins,GSBD5DFCARS,S
Steve Cooley,GSB6M5TQPVT,QJ
Donald Adams,GSBVRW9C5YZ,QJ
Dana Smith,GSBKMRPH6GW,S
Erin Durham,GSB7T59FD6P,QJ
Brian Wiley,GSB6DEV4AIU,S
Brett Murphy,GSBMJP7DSVC,QJ
Mark Bush,GSBWF9JB7AX,S
Gregory Mcdaniel,GSB3JW9T8IY,QJ
Mark Reyes,GSBA9X8BUCR,S
Gabriel Spence,GSBIWGFYLH3,QJ
Sara Edwards,GSBMIW2JU8W,S
Aaron Parks,GSB5SR2KGL6,QJ
Rachel Arnold,GSB73A9NIT9,QJ
Stephanie Newman,GSBCODQMK9L,S
Derek Pearson,GSB7Y1C586N,S
Todd Pham,GSBKX9ZH7U2,S
Danielle Brandt,GSBUMYTPY9B,S
Michael Schultz,GSBMX9C7843,QJ
Brad Brown,GSBV5QXVM6H,S
Donna Silva,GSB17CPSGJ5,S
Joy Coleman,GSBKTU9NQ92,S
Jose Burgess,GSBU3CXHHYO,S
Joseph Bryant,GSBOWQJQOJM,S
Brian Bullock,GSBJXOSGP1J,S
Drew Martin,GSB67T4BBHQ,S
Linda Gonzalez,GSBALX7HB1G,S
Sandra Webb,GSB17P8D3QJ,S
Shane Moore,GSBJIDGLJAM,S
Abigail Holt,GSBJYWE13EV,QJ
Alexandra Navarro,GSBKS7PHNAO,S
Troy Olson,GSBFC7U8EQF,QJ
John Hall,GSBB7GVODN7,S
John Ward,GSBKYMOUR7F,QJ
Ruth Parker,GSBJEUX1QGR,S
John Carr,GSBRH7K7YZJ,QJ
Brendan Sanders,GSBKJ37H724,S
Billy Jones,GSBVJV3XGI2,QJ
Mary Cooper,GSBWFUU1ZYO,QJ
Susan Coleman,GSB8PRD4W85,QJ
Dr. Justin Burton,GSBZUEH7IAY,S
Larry Collins,GSBR92AOOI1,QJ
Dennis Sutton,GSB51OURJYI,QJ
Steven Martinez,GSB57A7P95G,S
Tanya Moore,GSB6VF4GW64,S
Eric Murray,GSB48MZUJ54,QJ
Kevin Griffith,GSBAEJISTBA,QJ
Cindy Crawford,GSBKX3P35QP,QJ
Matthew Frye,GSB7RK92P2V,S
Troy Clark,GSBRAUKN2LF,S
Elizabeth Fisher,GSBWGV6MXDQ,QJ
Willie Freeman,GSBJP1VPA51,S
Ricky Mcfarland,GSB976FCKT7,QJ
Kelly Hale,GSBAX8YAKGU,S
Daniel Winters,GSBVZVY2OIU,S
Haley Ayala,GSBZIAP6L7P,QJ
Erin Esparza,GSB9XAUE48F,S
Sheila Howard MD,GSBNOJLRRX7,S
William Edwards,GSBBZ3CNB4X,QJ
Sharon Henderson,GSB4KQL4IRV,QJ
John Erickson,GSB4Q41XM52,QJ
Michele Baldwin,GSB5KIHPLDA,S
Erica Richardson,GSB4DODIEXV,QJ
Christina Christian,GSBBHNKZL2X,QJ
Madison Hill,GSBALQQR925,S
Matthew Thornton,GSBNA2KB21B,S
Debbie Riley,GSB9LK6TU2M,S
Elizabeth Sparks,GSBZJB2H8TL,S
Diane Kelley,GSB4178FC8M,S
Jeanette Ballard,GSBPHSL58X4,S
Michael Lee,GSBWWHUTC3A,S
Nathaniel Sanchez,GSBRNO8HPBR,S
Justin Friedman,GSBNWDUCKR4,QJ
Daniel Wilson,GSB1C6V6T6G,QJ
Ronald Baxter,GSBMK2J37AT,QJ
Jeffrey Greer,GSB6C9N3W2Y,QJ
Frederick Davis,GSBO3R3R5RN,QJ
Joanne King,GSB5EPE3W93,QJ
Kelly White,GSBT94YAGUD,QJ
Jacqueline Jones,GSBEOXX6ZHF,QJ
Lauren Thomas,GSBI9XTDLD5,QJ
Jennifer Ross,GSB4AM6VVOS,S
Sharon Copeland,GSBMCLXTHFH,QJ
Anthony Williams,GSB61CER64T,S
Vincent Robinson,GSBJEOOBVUQ,QJ
Frank Beasley,GSBYJNO2FAY,S
Brad Noble,GSB8TQAQ4D6,S
Pamela Thomas,GSBJ47595EB,S
Angela Hodges,GSBVA8X8RTD,S
Adam Rodriguez,GSBJW5R4K6Z,S
Jacqueline Stevenson,GSBWV8ZYQ2H,S
Jessica Hernandez,GSBC2HDPLY9,QJ
Tracy Johnson,GSBSAZD5RYR,S
Christopher Jimenez,GSB2VNK2TGP,QJ
Melanie Salinas,GSBFXSLRS7H,QJ
Sandra Wagner,GSB4MZRMGPR,QJ
Jeremy Lam,GSBKVMKTCPK,S
Mariah Lee,GSBOVDMVA66,S
Jesse Briggs,GSB1LD5CMUO,S
Stephanie Leon,GSBFJ3PWWGL,S
Kristin Graves,GSBUH4Z5JSZ,S
Taylor Navarro,GSB76MFZFTU,S
Sarah Sanchez,GSBXAJWPPF6,S
Daniel Kim DDS,GSB5IJ4W7GV,S
Daniel Stein,GSBC3LDEIN7,S
Carlos Johnson,GSBAHZQQ6RU,QJ
Stephanie Holmes,GSBIVEKUZ52,S
Robert Mayer,GSBN54XPDXK,QJ
Christopher Pruitt,GSBJHAYKUV1,S
Elizabeth Woodard,GSBRPTPLJK9,S
Jesse Mejia,GSBMGVPZI36,S
Lauren Lopez,GSBZ4SPAHO5,S
Lauren Johnston,GSBA6CEBIMM,QJ
William Patel,GSBJ65ZC9F1,QJ
Bethany Foster,GSBPFVASJPN,QJ
Pamela Martin,GSB6WBAMSL6,QJ
Christopher French,GSBRDZ3N2Z5,S
Tyler Vasquez,GSBOLSWLHVL,S
Vincent Stafford,GSB7MWN9KZA,QJ
James White,GSBYR5MFXF2,S
Mariah Ramirez,GSBZQQT94LF,S
Paula Wu,GSBX1URJYUF,QJ
Patrick Wilson,GSBUOZDV3HS,QJ
Thomas Gutierrez,GSBJAT9C1FF,QJ
Brian Anderson,GSBGI5NGXWA,S
Andrew Lopez,GSB7WYE6JTF,S
Jennifer Beasley,GSBC2ZI8OAV,QJ
Desiree Vaughn,GSBVSKY5TX1,QJ
Bonnie Mendoza,GSBWAWWQLEI,QJ
Sandra Floyd,GSBNVBI1PUZ,QJ
Melissa Gonzalez,GSBTDHHK2LJ,QJ
Linda Ramirez,GSBTUUSZJD9,S
Kimberly Sweeney,GSB47OAFVWD,S
Laura Rogers,GSB7FR8HC8J,S
Alicia Richards,GSBTDT428V4,QJ
Brittany Price,GSB51NFD2CY,QJ
Daniel Anderson,GSBOADJUYUI,QJ
Christopher Edwards,GSBAL2KQFOI,QJ
Stacey Gonzalez,GSBE5XVFB85,QJ
Clayton Griffith,GSBY6JDEVTN,QJ
Adam Johnson,GSBLS19OPDW,QJ
Russell Johnson,GSB3WLS5UZT,QJ
Lorraine Stephens,GSBWBZ6PILB,S
Arthur Krause,GSBCC49741V,QJ
Gene Stewart,GSBRR6SBUYE,QJ
Janet Chase,GSB7LY7YK1S,S
Gabriel Torres,GSBVOMIROUR,S
Ronald Farrell,GSB7C97VZTH,QJ
Caitlin Galloway,GSBSU7OUP1B,QJ
Cheryl Lee,GSB1IJ8IPDE,QJ
Vicki Gibson,GSBFEVF6D1T,S
Charlotte Nichols,GSB3178YO9B,S
Trevor Swanson,GSBZON94SDN,QJ
Justin Graham,GSBMA3QZF4W,S
Terri Hicks,GSB4D3V5OZO,S
Gina Yu,GSB1OA94PUA,S
Jason Brown,GSBNJKIC68B,S
Cynthia West,GSB6SUBZWWI,S
Herbert Kirk,GSBQHBFDGJM,S
April Watts,GSB7FRJMD1C,QJ
Scott Andersen,GSB3H8PMZD4,QJ
Catherine Thompson,GSBTD9G7U1X,S
Rachel Garcia,GSBT5JTD6PO,QJ
Dawn Washington,GSB8JMZZJPZ,QJ
Jason Arnold,GSB5L22DQ5G,QJ
Sandra Stanton,GSB3CQ39B1Z,S
Dorothy Kennedy,GSBXOQDWH69,S
Christopher Combs MD,GSBXORR9TLM,S
Sharon Alvarez,GSBDQ8Y9FZY,QJ
Heather Rodgers,GSBZ8MYDHGF,QJ
Emily Brewer,GSBRQ5JH42B,S
Ryan Clark,GSB4SROXJNB,QJ
Victoria Watts,GSB98THFM9F,S
Crystal Myers,GSB29V9OVPN,S
Brett Wilkinson,GSBLF9E834I,S
John Moore,GSBH7DG71UP,S
Heather Knight,GSBK9UL5AIZ,S
Carolyn Gomez,GSB3BU3OXLZ,QJ
Kaitlin Aguilar,GSBFLSNT5FW,S
Sara Sherman,GSB386VUO2N,S
Stacy Jenkins,GSBXQKRSR1Z,S
Tanya Jackson,GSBMP1AUIIA,QJ
Melissa Middleton,GSBRL71OZG7,QJ
Kayla Koch,GSB1PJAWQDC,S
Stephanie Powers,GSBY5TAO6VL,S
Devin Carter,GSBDBG4SWTL,S
Shane Hodges,GSBQQ7PBP7V,S
Cory Cruz,GSB9Z7W92DJ,QJ
Sergio Arnold,GSBX7TRWO9T,QJ
William Salinas,GSBAIPEIW24,S
Rachel Mitchell,GSBPYGQNBMX,S
Kathleen Harvey,GSBYQ9JTADM,S
Annette Clark,GSB52FZKAHG,QJ
Stacey Perez,GSBC2FER27C,S
Tyler Garcia,GSBNDT8F9XJ,QJ
Jeremy Robinson,GSBSZGSFZ2I,S
Susan Adams,GSBR5WPC5OT,S
Christopher Henry,GSB6FWK9BQU,S
Bryan Carter,GSBO9VXXNFC,S
Jennifer Short,GSBL31XU342,S
Kayla Greene,GSBAPXNFXIU,S
Renee Scott,GSBIXFMT6VP,S
Tanya Casey,GSBSHYGM4EC,S
Thomas Mccormick,GSBWOTLITRY,S
Lucas Winters,GSBS1YRMWHY,S
Sherri Roberts,GSB44HFTTJX,QJ
Maxwell Sanchez,GSBKDV86SOA,QJ
Jerome Lucero,GSB45OUMKTP,QJ
Jasmine Hernandez,GSBF1OW49LK,S
Tammy Berry,GSBICWF5PEY,S
Robert Camacho,GSBKY5B2L78,QJ
Nicholas Smith,GSB9BD5IEJI,QJ
William Michael,GSBIFUJ4MWF,QJ
Jason Smith,GSBPLM17OTC,S
Jacqueline Hernandez,GSBVZPRQNQM,S
Christina Rogers,GSBRZDRW31H,S
Mr. Mark Young Jr.,GSBLVOHWYT6,QJ
John Thompson,GSB2UHS8Z9N,S
Debra Mason,GSB2FFKFGWR,S
Heather Smith,GSB1JNMP3L9,QJ
Emily Cole,GSBTB7ZYRJO,QJ
Rickey Flynn,GSBCXUM83PB,S
Jessica Banks,GSBNL4YJYSW,S
Janice Colon,GSBCS9HWMR3,S
Chelsea Hayes,GSBYPDCPXI7,S
Leslie Kline,GSBUH45BU5T,QJ
Andrea Zamora,GSBMTI9P6P6,S
John Anderson,GSB77CC7UT6,QJ
Janet White,GSBIZKGRUG8,QJ
Kelsey Rogers,GSBVS8L71UN,QJ
David Richard,GSBMO99S1VS,QJ
Jason Smith,GSB8D72KJ1I,S
Jordan Bauer,GSBU8PVCHXL,QJ
Meghan Carroll,GSBHJHSE75J,QJ
Susan Flores,GSBJ2NVWFJM,S
Melissa Wilkins,GSB23DAV1QE,S
Catherine Liu,GSBMLQB31RY,QJ
Robert Buchanan,GSBDJLTHNXT,S
Nicole Williams,GSBAZJ1WN3J,S
John Mejia,GSBDEPIGC77,S
Jamie Wright,GSBYWN8GTPV,S
Angela Berry,GSBWIIPKIJ7,S
Terry Sims,GSB9QKGBQXM,S
Todd Middleton,GSBHU4RATUI,S
Anna Martinez,GSBCZ3Y2LYU,S
Taylor Gentry,GSBCY9AY4LY,S
Eric Robinson,GSB84AS2HQ2,QJ
Bethany Martin,GSB7KPXSZKB,QJ
William Smith,GSBGAYBTDH2,S
Warren Bell,GSBOCMXYHA5,S
Lindsey Barnes,GSBA8SMZCSD,QJ
Jill Ward,GSBEYF3UNL2,QJ
Nicholas Cunningham,GSB92JXIXGJ,S
Austin Murray,GSBWVVN52ST,S
Angela Miles,GSB23SYZKDP,QJ
Tom Miller,GSBR1WKZYAD,QJ
Cynthia Bennett,GSBL8OX6EML,QJ
Mr. Daniel Mendez DVM,GSB54FQZCA3,S
Morgan Coleman DDS,GSB917ZULSW,S
Christopher Shaw,GSBB9ZSBQKN,S
Jaclyn Conway,GSBXQZGD1RI,S
Jack Hernandez,GSBXKSL4QRC,S
Christine Griffin,GSB8V3YSJPI,QJ
Jeffrey Wood,GSBOJEIIEM3,S
Kristy Dyer,GSBS3SQDO8O,S
Brandon Perez,GSBIWT2A7OU,QJ
Steven Crane,GSBLXDSXM3E,QJ
Christopher Swanson,GSBVXJMHWJK,S
Holly Monroe,GSBCVWL9ILS,QJ
Francis Brooks,GSBMHD6YHRE,S
Albert Bush,GSBBH711GHV,QJ
Elizabeth Turner,GSBYZTO6FLZ,S
Donna Jackson,GSB55Z4PYIE,S
David Williams,GSB8AJELP16,S
Christina Huber,GSBVM7FF8CE,S
Michael Becker,GSBIVIT3FLY,S
John Sanchez,GSBYTPPJYEJ,S
Andrew Mcdonald,GSBN6DPLANG,S
Marisa Green,GSBHK1CZTRF,S
Thomas Hunt,GSB2KNUCSQW,QJ
Gabriella Jimenez,GSBEYH8ONK5,S
Kevin Ramirez,GSB2D6SYA6Z,S
Kelsey Davis,GSBDHNJ3I7D,QJ
Louis Johnson,GSBSPDLCPRG,QJ
Lori Nelson,GSBWTW2HZW3,S
Laura Tate,GSBDA79PQV7,S
Gina Garcia,GSBWQ9G4498,S
Katie Jacobs,GSBAFAYKKIV,QJ
Gregory Martin,GSBHTTPOQ34,QJ
Alison Nguyen,GSBOT3958MX,S
Jasmin Smith,GSBZOVX9FZ5,QJ
Gerald Moran,GSBVFXXJM6T,QJ
John Gonzalez,GSBEDOD6TRR,S
Jennifer Harrison,GSBASWBGMWT,QJ
Rebecca West,GSBLC86KZG9,S
Linda Martinez,GSB1W9ZRDSF,QJ
Jennifer Mathis,GSB6IYHZQ96,QJ
Morgan Hensley,GSBJ1YTSL9H,S
Dennis Morris,GSB73P9M7DZ,S
Lisa Barron,GSBH54WCOAN,QJ
Nicole Diaz,GSB83Q1JEWO,S
Jeremy Gibson,GSBMH1PR7WY,S
Jackie Spencer,GSBVSZZRCDM,QJ
James Young,GSBAKTUBCOL,QJ
Jeremiah Pratt,GSBRBFK2MO1,S
David Grant,GSBNSVST7G6,QJ
Jorge Bright,GSBQD564BLL,S
Sheryl Coleman,GSBXWW8R4Q3,S
William Jones,GSBAPJX7RWK,S
Jonathan Contreras,GSBGYYMCP6Z,S
Lisa Thomas,GSB57GGWRMN,S
Tiffany Castro,GSB7GY4EY9F,QJ
Daniel Nelson,GSB552PDJ8W,S
Shane Lewis,GSBFG4CNG4R,S
Ronald Valdez,GSBCJVDPEHU,S
Peggy Baker,GSB4N9WVTCV,QJ
Regina Banks,GSB2HCWLI6G,S
Mallory Massey,GSBKC8QU94A,S
Christopher Fischer,GSB46DEXD6I,S
Brandy Hall,GSBVXKUKVAL,QJ
John Downs,GSB4CUGKXPD,S
Toni Gonzalez,GSBP9GG7HI3,S
Spencer David,GSBRL5VF9IA,S
Stephen Shaw,GSBAGKVGVBQ,S
Michael Schultz,GSBMHF1X8LK,QJ
Laura Flynn,GSBN7B6DYK4,S
Carl Stevenson,GSB77OR178T,QJ
April Moreno,GSBI2Z8462R,QJ
Amanda Pruitt,GSB98CA95FX,QJ
Donald Khan,GSBDQFNN3CK,QJ
Randy Rodriguez,GSBJZMDRAPY,S
William Fowler,GSBORKCY2UT,QJ
Alicia Burns,GSB17PD5J5K,QJ
Travis Hale,GSB66N4MBDL,QJ
Daryl Gonzalez,GSB7AO25GCM,S
Lori Dennis,GSBOFWULEM8,QJ
Diana Garza,GSBMSYMNSPF,QJ
Stephen Evans,GSBFY8VNMD3,S
Gregory Graham,GSBGFN9JB9D,S
Peter Gutierrez,GSB833WLP51,QJ
Billy Williams,GSBWJ7ZKIM4,S
Faith Golden,GSBELBR6ZMA,QJ
Stephanie Henderson,GSBC4O5564O,QJ
Thomas Thompson PhD,GSB1O5JNDGJ,S
David Anderson,GSBQ196BASS,QJ
Edward Gilbert,GSBCV8CMTTV,QJ
Tamara Wilson,GSB4VUJYPKU,QJ
David Jones,GSBZLN3INA4,S
Jordan Bradford,GSBMVJFA8PY,S
Tony Eaton,GSBJZVMK64Z,S
Ryan Flores,GSBUC27ULFH,S
Darren Cooley,GSBZ3ER156H,S
Fernando Meyers,GSBZPE6MW9V,S
Alexis Sanford,GSBXJ6RR47N,QJ
Jeff Romero,GSBG3A8Y4MW,QJ
Steven Werner,GSBT7QGGCFB,S
Frank Smith,GSBE8177S1R,QJ
Elizabeth Taylor,GSBX3EQH8AI,S
Christine Miller,GSBO2M6O6OH,S
Paige Morgan,GSBW8AX86UB,S
Peter Sandoval,GSB1D8N96Q3,S
Seth Nelson,GSB4PQXFSL1,QJ
Craig Everett,GSB7G6WTELE,S
Karla Jackson,GSBR317JWET,S
Karen Davis,GSBHZ64DA5L,S
Laura Wilson,GSBFGGBR28S,QJ
Walter Rosales,GSBMLXJ4OBB,S
Adrienne Chandler,GSBR1HOJX3P,S
Jonathan Evans,GSBM1NXZ3VP,QJ
Carmen Brown,GSBKBWFZDEG,S
Rachel Spencer,GSBFND3P3PK,QJ
Jonathon Gomez,GSBKK2MF6OM,S
Michele Edwards,GSBDVO2BTRO,QJ
Michael Morgan,GSB21RLS7TZ,S
Tina Martin,GSBHH4N1XRU,QJ
Pamela Cunningham,GSBSHX2DASA,S
Nicholas Wells,GSB7M17LKPU,QJ
Alex Lowery,GSBN5Z188UR,QJ
Jonathan Stevens,GSB37Z2PDEC,S
Johnny Velazquez,GSB8PNRG8M3,QJ
Tara Johnson,GSB7E71WIT8,S
Tammy Johnson,GSBM5QNZ15E,QJ
Mark Williams,GSBK8WXVV76,S
Colleen Vega,GSBMQ2YQGMY,S
Crystal Anderson,GSBATEP2NRN,QJ
Sally Sanford,GSBJM65YSEV,S
Dr. Dawn Nash,GSBZIHWPITD,S
Paul Brown,GSBEUP1NU5D,QJ
Abigail Little,GSBWF5LZVII,QJ
Cindy Thornton,GSBZDMG69QK,S
Jillian Barker,GSBZFPCU98B,QJ
Jennifer Carlson,GSB6BFR95VH,S
Nicholas Martin,GSBS6WQQ59L,S
Gregory Tanner,GSBRPJIKTMX,S
William Branch,GSBAKUN2T8D,S
Kristina Orr,GSB4ZJ4YO3M,QJ
Melissa Long,GSBXUCB79EB,QJ
Tiffany Wolf,GSBIXDMLGM2,S
Candice Webb,GSBXNQLFQF2,QJ
Christopher Watts,GSBZGNPD5QS,S
Lindsay Davis,GSBTOO6MPLN,QJ
Emily Fitzpatrick,GSBJW4NYXBS,S
Sean Stevens,GSBTMHUBXZ5,QJ
Meredith Marks,GSB4S2FTE6B,S
Bradley Roach,GSBJXG126BT,QJ
Erin Hunter,GSBNMYMYGUK,S
Wendy Cox,GSBMHVSTBYO,S
Andrea Meza,GSBTSFJN355,S
Margaret Peters,GSB9PBUCPK8,S
Amanda Wolfe,GSB2BUC55K1,QJ
Mark Young,GSBLEUL8T9J,QJ
Jennifer Huber,GSBL5I9HRS4,QJ
Mark Spears,GSBRQF14OQ1,S
John Chambers,GSB51KCJJR6,QJ
John Johnson,GSB15CAOP3R,S
Hannah Medina,GSB5E9NPOVL,S
Jimmy Estrada,GSBNNU1CRE5,QJ
Mark Middleton,GSBBGXHA52D,QJ
Kelly Wilson,GSB4OV22I3J,QJ
Emily Chambers,GSBGOT74LGU,QJ
Valerie Scott,GSBL5NC68US,S
Daniel Ball,GSBF9CGRVAE,QJ
Gregory Wood,GSBKQ5AQEUP,S
Mikayla Sutton,GSBROA76HFF,S
Katie Shea,GSB738AF188,QJ
Jessica Roy,GSB4I9YL87A,QJ
Teresa Watson,GSBR4X164ZQ,QJ
Dennis Jennings,GSB9T4YZSJH,S
Michael Bass,GSBX5OVW91X,S
John Holder,GSB5BH54HMK,QJ
Daniel Hayes,GSB2ZNGJ965,S
Matthew Smith,GSBC6GF736N,QJ
Patricia Gilmore MD,GSBRYKBN12K,S
Amber Edwards MD,GSBKEYXMS9Y,S
Jasmine Sullivan,GSBQUX74D68,QJ
Eric Duke,GSBIPYM365A,S
Charles Stafford,GSBIIVRBCN6,S
Amanda Mccarthy,GSB7PYIL514,QJ
Erica Sherman,GSB9MYK788C,QJ
Jennifer Jackson,GSB8Q78MX7R,QJ
Michael Garcia,GSBMST32MDJ,QJ
Carlos Williamson,GSBYSOTZE13,QJ
Christopher Jackson,GSB1YWEJRZW,S
Brittany Jackson,GSBSOMQIYJX,S
Ryan Howard,GSBBVOQCV3L,QJ
Leslie Krause,GSBDMHGRFRE,S
Dr. Jerome Brooks,GSBANPDGJBD,S
Sarah Peterson,GSBA34YF8MC,S
Mackenzie Santiago,GSBXCA1OXN8,S
Victoria Harris,GSBOQFGOD62,S
Patty Phelps,GSBLQRPG2OM,S
Lawrence Johnson,GSBGJBXMMST,QJ
Latasha Nelson,GSBS8QIYRKH,S
James Smith,GSBGJFLCAG3,QJ
John Richard,GSBNGD21IR1,S
Randy Farmer,GSBS4ZQHKEO,QJ
Ricky Stevens,GSB3YPG1E48,QJ
Brooke Black,GSB5XBK8T9W,S
Kevin Perry,GSB5ADZTB33,S
Christopher Fowler,GSBGXPU192D,QJ
Michael Kaufman,GSB4QQRP495,S
Brandon Mooney,GSBZU85T791,S
Denise Rodriguez,GSBINMRWDVA,S
Thomas Cohen,GSBBFWAKVMM,QJ
Maria Williams,GSBQ2Q3M8DD,S
Theresa Frazier,GSBEDSF5V8G,S
Mrs. Kelsey Zamora,GSBBTV6RFLL,QJ
Jacob Mullins,GSB95WMVH25,QJ
Ricardo James,GSB92M72XDG,S
Lauren Anderson,GSBM5LRP5M2,QJ
James Harris,GSB6E5JH45Q,QJ
Katherine Bright,GSBOVTOHUBU,S
Anita Brown,GSBDP42C4BU,S
Timothy Martin,GSB1V5XOKZ2,QJ
John Wilkinson,GSB7HRXYNXL,S
Carolyn Bell,GSBAWASQ8BT,QJ
Katherine Spencer,GSBBIBV2Y4C,S
Christina Stevens,GSBOOUAXPKK,S
Charles Ward,GSBYB4ORBJA,QJ
Robert Benitez,GSBZ2OPSL9D,S
Michelle Nolan,GSBEEDFQV9V,QJ
Jennifer Martinez,GSBBWUFF4J7,QJ
Blake Day,GSBKFWRMHZC,S
Zachary Moore,GSBX5JF957V,S
Amber Wells,GSBLYKE3XJX,S
Glenn Horton,GSBCC23NQUJ,QJ
Brandon Pham,GSBI73WBF1Q,S
Debra Barnett,GSBWBCW81TL,S
Stephanie Pruitt,GSBPBWR6LLS,S
George Patterson,GSBL5ZV7JSP,QJ
Stacy Juarez,GSBRF4OEBEP,S
Omar Turner,GSBWYUKVRJR,QJ
Michelle Evans,GSBGFSG7TW3,S
Amanda Watts,GSB1US5XJPN,QJ
Laura Lopez,GSBX2B4QNRB,S
Garrett Jones,GSBSOH7LCS7,S
Paul Grant,GSBER1FJUOQ,S
Donald Baker,GSBER9GMTIO,S
Randy Rivera,GSBEIYVFCFZ,S
Kyle Thompson,GSB4RUVEDHH,S
Jamie Snyder,GSBZ7GBZ93Q,QJ
Ann Miller,GSBX77P4KQA,QJ
Julie Higgins,GSBZP4YZ1NJ,S
Rose Clay,GSBAV3STGW6,S
Stephanie Riley,GSBP27ZVT75,QJ
Reginald Bennett,GSBPQEVWLPZ,S
Susan Salinas,GSBVA9HPDGL,QJ
Jennifer Winters,GSB4TMQD2JT,QJ
David Warren,GSBFKTZW2EY,QJ
Harold Carter,GSBRKEW5JMA,QJ
Robert Doyle,GSBDMKZSDC8,S
Cheyenne Marshall,GSBSVTLDBJR,S
Gilbert Roberts,GSBE5ZC6GFU,QJ
Keith Weaver,GSBAIJBKN2S,QJ
Angela Mitchell,GSBMJDYXW6Z,S
Kathy Hull,GSBSA8ZOOC5,S
Lisa Marshall,GSBHGRGW34O,S
David Miller,GSBY5NMOTI7,S
Alicia Anderson,GSB7S4KQVKG,QJ
Richard Parks,GSBCNZDI66E,S
Mark Hamilton,GSB32G2JRIJ,QJ
Taylor Nelson,GSB98MWHMEC,QJ
Cody Marshall,GSBPZGVEY9C,QJ
Bryan Thompson,GSBRFP2JSRU,S
Shawn Lopez,GSB7MKV4RZT,S
Virginia Brown,GSBMZEHKAM7,QJ
Nicole Young,GSB5KKRX3IU,S
Karen Peterson,GSB6LN6WOKO,QJ
Travis Kelly,GSBTZZTEGOJ,S
James Ward,GSB9Q7TAKW9,QJ
Andrew Hines,GSBVWUDUKNO,QJ
Madison Morrison,GSB6HHZKGU8,QJ
Amanda Sullivan,GSB3Q6VJ8E8,S
Robert Smith,GSB4G3NE6GQ,QJ
Joyce Johnson,GSBI3EFBF3V,S
Kelly Baker,GSBOBOHGPYV,S
Michael Williams,GSBYWYEN97F,S
Alicia Harrison,GSBQM4J8HD7,S
Allison Brown,GSB7EUL9PIT,QJ
Sarah Baker,GSB8KMCDIV6,S
Marcus Moody,GSBV9R2EQ63,QJ
Jordan Forbes,GSBFN2ZXC5G,S
Ricky Riddle,GSBH9F1AR1J,QJ
Theresa Flores,GSBH14CS2QW,QJ
Michael Moreno,GSB69SLHCKZ,S
Ashley Johnson,GSB4SUN3AOP,S
Lisa Thomas,GSBKHN24ZEZ,QJ
Michael Foster,GSBQRG4O3R1,QJ
Michael Jones,GSBN4S64KHM,S
Andrew Carter,GSBXVGZ4K83,QJ
Hannah Clarke,GSBO2HDQTJ4,S
Stanley Allen,GSB3TVXIBDA,S
Rachel Wright,GSBX9BUEUBC,S
Daniel Gomez,GSB7HUEXNSQ,QJ
Amber Ali,GSB2ZESY5Q9,QJ
Dana Baxter,GSBS1CVSTY4,S
Diana Johnston,GSBA7KPVYFR,S
Kevin Hatfield,GSBUQTGQWAI,S
Dylan Golden,GSBOSFGO5VZ,QJ
Gary Newman,GSB9TXK5ZYK,S
Jeremy Chapman,GSBOPRJFEWN,QJ
Dylan Williams,GSBUOZYFNR8,QJ
Teresa Silva,GSBLLBAWGM9,QJ
Steven Shields,GSB1Z1CNYBH,QJ
Johnny Taylor,GSBPOAYKWZG,S
Sara Scott,GSBK5IYUWD1,S
Herbert Quinn,GSBARHPO63Z,QJ
John Barton,GSBIQ242173,QJ
Diamond Bryan,GSBAOFCDU1T,QJ
Margaret Cox,GSB5833JGR3,S
Steven Cruz,GSBUVSUMGZP,QJ
Ashley Miller,GSBGABVIJN1,S
Karla Harris,GSB5UKLPX1T,QJ
Troy Perez,GSBS8JZ5V8J,S
Nichole Bradford,GSBMZJ7VMQC,S
Nicole Little,GSBU6AOVFKX,S
Angel Hensley,GSBIJBDKTAK,S
Kimberly Chaney,GSB61DF63LW,S
Caroline Richards,GSBYFZQK2UQ,QJ
Penny Carey,GSBJZADXE4C,S
James Thomas,GSBLKU8BYP7,S
Sherri Porter,GSBN5TUXY5M,S
Daniel Lee,GSBZ652GMF4,QJ
Kevin Gray,GSBKWEW6MHC,QJ
Michael Gibbs,GSBYJD9ZMPE,S
Michael Macdonald,GSB6J38GPJB,S
Christopher Contreras,GSBEKT4PCP5,S
Mark Benjamin,GSBFLTAHLBT,QJ
Thomas Pena,GSBL19Y38TE,S
Daniel Rodgers,GSBJ5SX2ZYC,QJ
Samantha Griffith,GSB9WEXZFIG,QJ
Donna Sanchez,GSBIV2V45EI,QJ
Brian Rice,GSB4SYAUWNY,S
Angela Wallace,GSBDMTNQSPT,S
Anna Lucero,GSBFSP37BII,S
Monica Kane,GSB236CSPRP,S
Monique Perez,GSBG2PQPDCS,QJ
Monica Poole,GSBTZACWVQP,QJ
Dr. Albert Ingram,GSBOSLJXQNY,S
Tracy Day,GSB4EIBVTBO,S
Anne Vargas,GSBKIA5DL7K,QJ
Amy Ramirez,GSB3LQOI1OW,S
Vincent Lopez,GSBTX9PW1YY,QJ
Christina Willis MD,GSBZVT3JAX6,S
Peter Calderon,GSB1P1H8WN1,QJ
Amanda Best MD,GSBOWGIRWC9,QJ
Daniel Keller,GSBV2XW1OAP,QJ
Peggy Kim,GSBH5BQWCW2,S
Maria Ramos,GSBFWRD64IY,S
Courtney Ellis,GSB2RVUW3ZR,QJ
Heather Sullivan,GSBTQXF7ZK9,QJ
Susan Roberts,GSBHSJGTFS6,QJ
Emma King,GSB3UR61EEH,S
Joshua Andrews,GSBD6C3QQ7O,S
Marc Johnson,GSBEOAJ9VDW,S
Kimberly Walsh,GSBM1WR8698,QJ
Richard Flores,GSBJRUBZ31Z,S
Dana Rodriguez,GSBYPGY5OTN,QJ
Robin Landry,GSBDNUPNPSL,S
Brooke Russell,GSB54VUO94D,S
Christina Castaneda,GSB4AY6SH6I,S
Jon Sanchez,GSBPMXNEE2T,S
Amy Watts,GSBLZ23BKAB,S
Stephanie Tyler,GSBVFLFKA6L,S
Robert Swanson,GSB8IRI7PB5,QJ
Heather Hill,GSBC5YMPVEK,QJ
Thomas Prince,GSB1B7IF9FZ,S
Carl Kim,GSBB9U7KYJK,QJ
Christina Carson,GSBMQS3Q1IS,QJ
William Taylor,GSBKOF89E11,S
Corey Black,GSB514K7J4C,S
Kristine Wright,GSBYKS564ED,S
Alyssa Prince,GSBN2NOTYTY,S
Jeremy Andrade,GSBM668D3OK,QJ
Amber Zimmerman,GSBJUOK9ZNF,S
Daniel Walker,GSBNKQS6LXR,QJ
Walter Lara,GSBS2GXAW3A,S
Brittany Gomez,GSBCQ68T1VR,QJ
Dylan Tate,GSBJDLMC5PM,S
Ashley Bailey,GSBPBFL2F3H,S
Philip Kim,GSBYGU7FT86,QJ
Vickie Lee,GSBYLVKDIL4,QJ
Kimberly Garcia,GSB4OY6NJJL,S
Kristopher Morton,GSBRWWXUFUC,QJ
Martin Delgado,GSBKJTI697Q,QJ
Betty Richardson,GSBHTKSNBVZ,QJ
James Griffin MD,GSB5OIGBCMM,QJ
Cynthia Arnold,GSB1DZL7SI6,S
Kelly Sherman,GSBX6UI959O,S
Lauren Friedman,GSBBRD5SBOX,S
Jacqueline Barrett,GSBWWCNPT5C,QJ
Richard Ramos,GSBFA7BF6AE,QJ
Mr. Brendan Scott,GSB7VRBJNAL,S
Kelly Miller,GSB1U691F1X,S
Mark Byrd,GSBTCG7X1OG,QJ
Gary Wilkerson,GSBL7NCGJ5J,S
Angel Martinez,GSB2TV5R8KP,S
Susan Williams,GSBGOUTL38J,S
Jeffrey Gordon,GSB82TRJGMX,S
Michael Brown,GSBPMNCGBYN,S
Karla Young,GSBA2T5K6DD,QJ
Mrs. Amber Anderson MD,GSBHENK3ZIP,S
Cheryl Mcgee,GSBQBHQO6CC,S
Jonathan Gutierrez,GSBRBHEY4WB,S
Sarah Reynolds,GSBHPIRJ5BJ,S
Mr. Mark Martinez,GSBV76SFKA3,QJ
Kevin Diaz,GSBBCEMA462,QJ
Michele Gonzalez,GSB2PLWY6LU,QJ
Jessica Perry,GSBJA9ZQ24F,QJ
Christopher Jackson,GSBXZ8UXLKP,S
Michael Cox,GSBASRHEO3U,QJ
Carla Thompson,GSBRPBA7G8S,QJ
Katrina Schroeder,GSBSDWVZFEF,S
Priscilla Chen,GSB1NNMWWCE,QJ
Kevin Perez,GSBYJRUSOA8,S
Jennifer Taylor,GSBKQT37CCJ,QJ
Connie Gibson,GSBIHIOGLQ2,QJ
Christopher Tanner MD,GSB1MEC7JYK,S
Vanessa Gonzalez,GSB87GQBNQI,S
Carol Craig,GSBF6784N9A,S
Ann West,GSBHXV56BHN,S
Megan Tanner,GSBJEDVW8U2,S
Troy Payne,GSBCW6Q14RQ,QJ
Marcus Cannon,GSBD8U5BFYF,S
Abigail Brown,GSBN5SQJ5OM,QJ
Matthew Schroeder,GSB8ILT65QG,QJ
Julia Chapman,GSBE2YMKJCU,S
Taylor Watson,GSBFL2R1W4F,S
Emily Holt,GSBVWOVVG59,S
Kaitlyn Mercado,GSBLX6MGH1Q,S
Douglas Zuniga,GSBEH7VN2C7,S
Carlos Sanders,GSB1YZY4HGO,QJ
Nicole Walls,GSB64J12E7C,QJ
David Taylor,GSBB3JGXE38,QJ
Stephanie Wiley,GSBWUIA3P36,QJ
Mr. Peter Rose,GSBIA9DBYMA,S
Erin Michael,GSBAN6P76SP,S
Lauren Vance,GSBHUMXPMRE,S
Melissa Ramos,GSB78W7LMRL,S
Kimberly Price,GSBZSQ32N9R,S
Perry Ortega,GSB4B9QS3J2,S
Raymond Price,GSBXZSLP7M8,S
Austin Anderson,GSB5SOUIQPN,QJ
Rachael Boyle,GSB4FY74AAJ,S
Cameron Morrison,GSBOQEGJ9Z3,S
Kathy Martinez,GSB7JRJ8LF5,QJ
Sara Ingram,GSBULR347CP,S
Matthew Henderson,GSBEMTH6G6O,S
Summer Reyes PhD,GSBIAWVVNU8,S
Rachel Barnes,GSBUO73H22J,S
Laura Perez,GSBUG44ULEP,S
Matthew Rodriguez,GSBMNRZWSD7,S
Jennifer Hernandez,GSB6X2IEL4N,QJ
David Hanson,GSBLRRJOLVL,S
Brian Knight,GSB8UQS6GSW,QJ
Cheryl Diaz,GSBRS1WNJO4,QJ
Michelle Ortiz,GSBRLS6HGX1,S
Carl Cain,GSB6W9K3O69,QJ
Linda Dudley,GSBIF9HJYOA,S
Nathan Carter,GSBVGQ43DSR,QJ
Catherine Hopkins,GSB7WJJM7HJ,QJ
Derek Smith,GSBPZ46R2ZU,S
Danielle Fisher,GSBMNXNY9WF,S
Joshua Stanton,GSBJ9JBTSBR,S
Ronald Mccann,GSBBE1R9UFX,S
Alexander Edwards,GSB3TFPJ8QU,S
Nicole Smith,GSBVMCS3YCV,QJ
Nicole Davis,GSBYAYBIDPF,S
Linda Parker,GSB76CHGVAP,S
Christopher Keller,GSBHHQQKKSP,S
Jessica Cuevas,GSB2QQF2RMD,QJ
Jon Travis,GSBFK3B7HWJ,QJ
Bradley Wilson,GSBWSWBWD7O,S
Jodi Adams,GSBISSAJ3SB,QJ
Tyler Bush,GSBTZTZQHP9,QJ
Kristi Johnson,GSBGWE1S5KX,S
Rachel Lee,GSBUJFPBEH5,QJ
Ian Simmons,GSBA1AARNY8,QJ
Cameron Cooley,GSBA9B6J22P,S
Louis Navarro,GSB4LJSFNBU,QJ
Amanda Dean,GSBGIOUKZ1H,QJ
Carl Olson,GSB4866ZGR1,S
Daniel Foster,GSBTHC287QL,S
Dr. Richard Mcguire,GSBHSDZIAKS,S
Amy Osborne,GSB86XO6F4S,S
Jodi Armstrong,GSBXVEOOXQK,QJ
Kelly Burton,GSBAN3MO1L9,S
Annette Armstrong,GSB9HWTPF1Z,QJ
Dr. Heather Rice,GSBSUFAR39U,S
Juan Leblanc,GSBMICOYX62,S
Ms. Beth Weber MD,GSBYZUUZILU,S
Lance Houston,GSBJTVAXVIY,S
Christopher Goodwin,GSB75JDZZ4O,QJ
Joe Gibson,GSB28EIL13I,QJ
Katie Mcdonald,GSB7C8JPTG4,QJ
Jennifer Lopez,GSBOLPA2RMX,S
Stephanie Johnson,GSBD1BNXUIE,S
Pamela Brown,GSBQT4DWIC9,QJ
Chad Santos,GSBM2TWYZ3F,S
Diane Becker,GSBRTYQKIJR,QJ
Miranda Kim,GSBPKX6O81A,QJ
Amber Johnson,GSBEL4134C4,S
Molly Cummings,GSBJN6LV86P,S
Jacqueline Hill,GSBTYGYK52K,S
Thomas Le,GSBR3T6P9OR,QJ
Randy Foster,GSBM1SKN3BC,QJ
David Adkins,GSBQWAOU38Z,S
Matthew Reed,GSBEI7V4SQJ,S
Danielle Byrd,GSB95A1F6SN,QJ
Ronald Williams,GSBEB319JCJ,QJ
Dawn Calderon,GSBEUA1ABWO,S
Elizabeth James,GSB68RZQUTB,S
Jack Christensen,GSB4L4TNA7Z,S
Christopher Ryan,GSBVIU4ETIF,QJ
Terry Lowe,GSB9TRLNM3C,S
Sherry Baker,GSBI184DKNV,S
April Simon,GSBU5QPY37H,S
Joseph Pena,GSBT2KAAP7F,QJ
Hayley Evans,GSBUC2H5ZFD,QJ
Peter Pittman,GSBI1I6UITQ,QJ
Lance Lopez,GSBFFEZFZUH,S
Terri Bradford,GSBRNCW28XR,S
William Wiley,GSBXF1ZRPPS,S
Mandy Rice,GSBT4ACN8F3,QJ
Frederick Shaw,GSBDKWKCLQ5,QJ
Ricky Hull,GSBK8AMX11T,QJ
Deborah Fisher,GSBMRNUV5A1,S
